BEGIN TRANSACTION;
CREATE TABLE Event(eventId INTEGER, eventName VARCHAR(30), groupId INTEGER, PRIMARY KEY(eventId));
INSERT INTO "Event" VALUES(1,'fgj',1);
INSERT INTO "Event" VALUES(2,'hukl',1);
INSERT INTO "Event" VALUES(3,'dsfa',1);
INSERT INTO "Event" VALUES(4,'dsf',1);
INSERT INTO "Event" VALUES(5,'dsfsfef',1);
INSERT INTO "Event" VALUES(6,'dsfae',2);
INSERT INTO "Event" VALUES(7,'dsafe',1);
INSERT INTO "Event" VALUES(8,'dsfe',1);
INSERT INTO "Event" VALUES(9,'event1',1);
INSERT INTO "Event" VALUES(10,'e2',1);
INSERT INTO "Event" VALUES(11,'e234',1);
INSERT INTO "Event" VALUES(12,'e890',1);
CREATE TABLE EventInfo (eventId INTEGER PRIMARY KEY, eventSite VARCHAR(30) NULL, eventMemo TEXT NULL, eventDate VARCHAR(30) NULL, CONSTRAINT fk_event FOREIGN KEY (eventId) REFERENCES Event(eventId) ON DELETE CASCADE);
INSERT INTO "EventInfo" VALUES(3,'dsaf','safeae','22. 3. 4.');
CREATE TABLE Participation(groupId INTEGER, userId char(15), PRIMARY KEY(groupId, userId));
INSERT INTO "Participation" VALUES(1,'id1');
INSERT INTO "Participation" VALUES(2,'id1');
INSERT INTO "Participation" VALUES(3,'tina_id');
INSERT INTO "Participation" VALUES(4,'id1');
CREATE TABLE UserGroup(groupId INTEGER PRIMARY KEY, groupName VARCHAR(30) unique, groupPw VARCHAR(15), masterName VARCHAR(30));
INSERT INTO "UserGroup" VALUES(1,'aaa','1234','id1');
INSERT INTO "UserGroup" VALUES(2,'bbb','123','id1');
INSERT INTO "UserGroup" VALUES(3,'g1','123','tina_id');
INSERT INTO "UserGroup" VALUES(4,'ccc','123','id1');
CREATE TABLE UserTable(id VARCHAR(30), UserName char(5), email char(25), password char(15));
COMMIT;
